addr,x,y,null,null.1
60000098:,0001e650,001362fc,P....b..,
60000098:,0001e650,001362fc,P....b..,
60000098:,0001e6ec,001368e4,.....h..,
60000098:,0001e6ec,001368e4,.....h..,
60000098:,0001e784,00136ed0,.....n..,
60000098:,0001e784,00136ed0,.....n..,
60000098:,0001e7e4,001372c4,.....r..,
60000098:,0001e878,001378bc,x....x..,
60000098:,0001e910,00137ec0,.....~..,
60000098:,0001e9a4,001384b4,........,
60000098:,0001ea38,00138aa4,8.......,
60000098:,0001eacc,00139090,........,
60000098:,0001eb30,0013948c,0.......,
60000098:,0001ebc8,00139a80,........,
60000098:,0001ec64,0013a078,d...x...,
60000098:,0001ed00,0013a678,....x...,
60000098:,0001eda4,0013ac64,....d...,
60000098:,0001ee34,0013b254,4...T...,
60000098:,0001eea0,0013b644,....D...,
60000098:,0001ef38,0013bc3c,8...<...,
60000098:,0001efd0,0013c228,....(...,
60000098:,0001f064,0013c810,d.......,
60000098:,0001f0fc,0013ce00,........,
60000098:,0001f19c,0013d3f4,........,
60000098:,0001f238,0013d9e8,8.......,
60000098:,0001f29c,0013dddc,........,
60000098:,0001f334,0013e3d8,4.......,
60000098:,0001f3d8,0013e9cc,........,
60000098:,0001f468,0013efb8,h.......,
60000098:,0001f4d0,0013f3a8,........,
60000098:,0001f504,0013f5a4,........,
60000098:,0001f56c,0013f9a0,l.......,
60000098:,0001f59c,0013fb9c,........,
60000098:,0001f604,0013ff90,........,
60000098:,0001f638,0014018c,8.......,
60000098:,0001f6a0,00140588,........,
60000098:,0001f6d0,00140788,........,
60000098:,0001f700,0014098c,........,
60000098:,0001f798,00140f80,........,
60000098:,0001f830,00141580,0.......,
60000098:,0001f8cc,00141b70,....p...,
60000098:,0001f964,00142170,d...p!..,
60000098:,0001fa00,0014276c,....l'..,
60000098:,0001fa98,00142d64,....d-..,
60000098:,0001fb30,00143354,0...T3..,
60000098:,0001fb98,0014374c,....L7..,
60000098:,0001fc30,00143d44,0...D=..,
60000098:,0001fcc4,00144330,....0C..,
60000098:,0001fd5c,00144914,\....I..,
60000098:,0001fdf8,00144f0c,.....O..,
60000098:,0001fe8c,001454f4,.....T..,
60000098:,0001ff28,00145ae4,(....Z..,
60000098:,0001ff8c,00145ee0,.....^..,
60000098:,0002002c,001464d8,",....d..",
60000098:,000200c0,00146ad4,.....j..,
60000098:,00020154,001470bc,T....p..,
60000098:,000201f0,001476ac,.....v..,
60000098:,0002028c,00147ca0,.....|..,
60000098:,00020324,00148298,$.......,
60000098:,000203c0,00148884,........,
60000098:,00020428,00148c74,(...t...,
60000098:,00020428,00148c74,(...t...,
60000098:,000204bc,00149260,....`...,
60000098:,000204bc,00149260,....`...,
60000098:,00020524,00149658,$...X...,
60000098:,00020554,00149858,T...X...,
60000098:,000205c0,00149c50,....P...,
60000098:,000205f0,00149e4c,....L...,
60000098:,00020654,0014a240,T...@...,
60000098:,000206f0,0014a82c,"....,...",
60000098:,00020788,0014ae18,........,
60000098:,00020824,0014b410,$.......,
60000098:,000208b8,0014ba04,........,
60000098:,00020924,0014bdfc,$.......,
60000098:,000209c0,0014c3e8,........,
60000098:,00020a58,0014c9d0,X.......,
60000098:,00020af0,0014cfc4,........,
60000098:,00020b88,0014d5b8,........,
60000098:,00020c1c,0014dba4,........,
60000098:,00020cb4,0014e1a0,........,
60000098:,00020d54,0014e788,T.......,
60000098:,00020db8,0014eb7c,....|...,
60000098:,00020e50,0014f174,P...t...,
60000098:,00020ee4,0014f764,....d...,
60000098:,00020f80,0014fd5c,....\...,
60000098:,00021010,0015034c,....L...,
60000098:,000210a4,00150948,....H...,
60000098:,0002113c,00150f38,<...8...,
60000098:,000211a0,00151334,....4...,
60000098:,00021238,00151920,8...,...
60000098:,000212cc,00151f14,........,
60000098:,00021334,00152314,4....,
60000098:,00021364,00152510,d....%..,
60000098:,000213c8,00152910,.....)..,
60000098:,000213fc,00152b10,.....+..,
60000098:,00021464,00152f0c,d..../..,
60000098:,00021498,00153104,.....1..,
60000098:,000214d0,001532f8,.....2..,
60000098:,00021534,001536f0,4....6..,
60000098:,00021564,001538ec,d....8..,
60000098:,000215f4,00153edc,.....>..,
60000098:,0002168c,001544d0,.....D..,
60000098:,00021720,00154ac8,....J..,
60000098:,000217b4,001550bc,.....P..,
60000098:,00021848,001556a8,H....V..,
60000098:,000218dc,00155ca4,.....\..,
60000098:,00021940,00156098,@....`..,
60000098:,000219d4,00156688,.....f..,
60000098:,00021a64,00156c70,d...pl..,
60000098:,00021af8,0015725c,....\r..,
60000098:,00021b90,00157848,....Hx..,
60000098:,00021c28,00157e44,(...D~..,
60000098:,00021cbc,00158428,....(...,
60000098:,00021d1c,00158820,....,...
60000098:,00021dbc,00158e14,........,
60000098:,00021e58,00159400,X.......,
60000098:,00021ef0,001599ec,........,
60000098:,00021f88,00159fdc,........,
60000098:,0002201c,0015a5dc,.,......
60000098:,000220b4,0015abcc,.,......
60000098:,00022144,0015b1c0,D!......,
60000098:,000221e0,0015b7b0,.!......,
60000098:,00022214,0015b9a4,".""......",
60000098:,00022248,0015bb9c,"H""......",
60000098:,000222a8,0015bf8c,".""......",
60000098:,000222d8,0015c188,".""......",
60000098:,00022338,0015c578,8,
60000098:,00022370,0015c77c,p,
60000098:,000223d0,0015cb6c,.,
60000098:,00022404,0015cd68,.$..h...,
60000098:,00022468,0015d160,h$..`...,
60000098:,00022500,0015d744,.%..D...,
60000098:,00022590,0015dd30,.%..0...,
60000098:,0002262c,0015e328,",&..(...",
60000098:,0002268c,0015e720,.&..,...
60000098:,00022720,0015ed04,'......,
60000098:,000227b8,0015f2ec,.'......,
60000098:,0002284c,0015f8e0,L(......,
60000098:,000228e8,0015fed4,.(......,
60000098:,00022980,001604bc,.)......,
60000098:,00022a18,00160aa4,.*......,
60000098:,00022a78,00160e90,x*......,
60000098:,00022b10,00161484,.+......,
60000098:,00022bac,00161a78,.+..x...,
60000098:,00022c44,00162064,"D,..d",..
60000098:,00022cd8,00162650,".,..P&..",
60000098:,00022d6c,00162c48,"l-..H,..",
60000098:,00022dd4,00163038,.-..80..,
60000098:,00022e68,00163624,h...$6..,
60000098:,00022ef8,00163c1c,.....<..,
60000098:,00022f8c,00164208,./...B..,
60000098:,00023024,001647f0,$0...G..,
60000098:,000230b8,00164ddc,.0...M..,
60000098:,0002311c,001651d0,.1...Q..,
60000098:,0002314c,001653cc,L1...S..,
60000098:,000231b4,001657c0,.1...W..,
60000098:,000231b4,001657c0,.1...W..,
60000098:,0002324c,00165da0,L2...]..,
60000098:,0002324c,00165da0,L2...]..,
60000098:,000232e0,0016638c,.2...c..,
60000098:,000232e0,0016638c,.2...c..,
60000098:,00023378,00166988,x3...i..,
60000098:,000233e4,00166d78,.3..xm..,
60000098:,00023478,00167368,x4..hs..,
60000098:,0002350c,00167958,.5..Xy..,
60000098:,000235a0,00167f48,.5..H...,
60000098:,00023634,0016853c,46..<...,
60000098:,000236d4,00168b2c,".6..,...",
60000098:,00023768,0016911c,h7......,
60000098:,000237cc,00169514,.7......,
60000098:,00023864,00169b04,d8......,
60000098:,000238f4,0016a104,.8......,
60000098:,00023990,0016a6fc,.9......,
60000098:,00023a24,0016acec,$:......,
60000098:,00023ac0,0016b2dc,.:......,
60000098:,00023b54,0016b8bc,T;......,
60000098:,00023bbc,0016bcb4,.;......,
60000098:,00023c58,0016c2a8,X<......,
60000098:,00023cf4,0016c8a4,.<......,
60000098:,00023d90,0016ce94,.=......,
60000098:,00023e2c,0016d488,",>......",
60000098:,00023ec4,0016da80,.>......,
60000098:,00023f28,0016de78,(?..x...,
60000098:,00023fbc,0016e474,.?..t...,
60000098:,00024020,0016e86c,@..l...,
60000098:,00024054,0016ea68,T@..h...,
60000098:,000240bc,0016ee58,.@..X...,
60000098:,000240f0,0016f050,.@..P...,
60000098:,00024154,0016f44c,TA..L...,
60000098:,00024184,0016f640,.A..@...,
60000098:,000241e4,0016fa40,.A..@...,
60000098:,00024218,0016fc38,.B..8...,
60000098:,0002427c,0017002c,"|B..,...",
60000098:,000242e4,00170424,.B..$...,
60000098:,00024378,00170a14,xC......,
60000098:,0002440c,0017100c,.D......,
60000098:,000244a4,00171608,.D......,
60000098:,00024534,00171bf4,4E......,
60000098:,000245cc,001721e8,.E...!..,
60000098:,0002462c,001725e0,",F...%..",
60000098:,000246c0,00172be0,.F...+..,
60000098:,00024758,001731d0,XG...1..,
60000098:,000247e8,001737bc,.G...7..,
60000098:,00024880,00173dac,.H...=..,
60000098:,00024914,00174398,.I...C..,
60000098:,000249a8,00174988,.I...I..,
60000098:,00024a0c,00174d80,.J...M..,
60000098:,00024aa4,00175378,.J..xS..,
60000098:,00024b38,00175968,8K..hY..,
60000098:,00024bd0,00175f58,.K..X_..,
60000098:,00024c68,00176544,hL..De..,
60000098:,00024d04,00176b34,.M..4k..,
60000098:,00024d64,00176f2c,"dM..,o..",
60000098:,00024df8,00177520,.M..,u..
60000098:,00024e98,00177b10,.N...{..,
60000098:,00024f30,001780f8,0O......,
60000098:,00024f30,001780f8,0O......,
60000098:,00024f94,001784f0,.O......,
60000098:,00024fc4,001786f0,.O......,
60000098:,00025028,00178aec,(P......,
60000098:,0002505c,00178cf0,\P......,
60000098:,000250bc,001790e4,.P......,
60000098:,000250ec,001792e0,.P......,
60000098:,0002514c,001796d0,LQ......,
60000098:,000251dc,00179cb8,.Q......,
60000098:,00025274,0017a2a0,tR......,
60000098:,000252dc,0017a698,.R......,
60000098:,00025370,0017ac90,pS......,
60000098:,00025400,0017b280,.T......,
60000098:,00025498,0017b884,.T......,
60000098:,00025530,0017be6c,0U..l...,
60000098:,000255c4,0017c460,.U..`...,
60000098:,00025660,0017ca4c,`V..L...,
60000098:,000256c8,0017ce38,.V..8...,
60000098:,00025760,0017d420,`W..,...
60000098:,000257fc,0017da14,.W......,
60000098:,00025894,0017e000,.X......,
60000098:,0002592c,0017e5e4,",Y......",
60000098:,000259c4,0017ebd8,.Y......,
60000098:,00025a58,0017f1d0,XZ......,
60000098:,00025ac0,0017f5c4,.Z......,
60000098:,00025b58,0017fbb4,X[......,
60000098:,00025bec,001801ac,.[......,
60000098:,00025c80,001807a4,.\......,
60000098:,00025d10,00180d88,.]......,
60000098:,00025da4,00181370,.]..p...,
60000098:,00025e10,0018176c,.^..l...,
60000098:,00025e10,0018176c,.^..l...,
60000098:,00025e78,00181b60,x^..`...,
60000098:,00025eac,00181d5c,.^..\...,
60000098:,00025f10,00182150,._..P!..,
60000098:,00025f40,00182350,@_..P,
60000098:,00025fa0,00182748,._..H'..,
60000098:,00025fd0,00182948,._..H)..,
60000098:,00026038,00182d40,8`..@-..,
60000098:,000260d0,0018333c,.`..<3..,
60000098:,00026164,00183930,da..09..,
60000098:,000261c0,00183d24,.a..$=..,
60000098:,00026250,00184314,Pb...C..,
60000098:,000262e8,00184910,.b...I..,
60000098:,0002637c,00184f00,|c...O..,
60000098:,00026414,001854ec,.d...T..,
60000098:,000264ac,00185ad8,.d...Z..,
60000098:,00026544,001860c8,De...`..,
60000098:,000265e4,001866c0,.e...f..,
60000098:,0002663c,00186ab8,<f...j..,
60000098:,000266d0,001870b0,.f...p..,
60000098:,00026768,001876a4,hg...v..,
60000098:,000267fc,00187c94,.g...|..,
60000098:,00026894,00188284,.h......,
60000098:,000268fc,00188678,.h..x...,
60000098:,00026994,00188c74,.i..t...,
60000098:,00026a24,00189268,$j..h...,
60000098:,00026abc,00189858,.j..X...,
60000098:,00026b58,00189e44,Xk..D...,
60000098:,00026bf0,0018a434,.k..4...,
60000098:,00026c80,0018aa30,.l..0...,
60000098:,00026ce0,0018ae20,.l..,...
60000098:,00026d10,0018b014,.m......,
60000098:,00026d74,0018b408,tm......,
60000098:,00026d74,0018b408,tm......,
60000098:,00026e0c,0018b9ec,.n......,
60000098:,00026e0c,0018b9ec,.n......,
60000098:,00026e70,0018bddc,pn......,
60000098:,00026ea4,0018bfd8,.n......,
60000098:,00026f04,0018c3d8,.o......,
60000098:,00026f98,0018c9c8,.o......,
60000098:,00027034,0018cfc4,4p......,
60000098:,000270cc,0018d5b0,.p......,
60000098:,0002716c,0018dba8,lq......,
60000098:,000271d4,0018df98,.q......,
60000098:,0002726c,0018e590,lr......,
60000098:,00027304,0018eb8c,.s......,
60000098:,00027398,0018f180,.s......,
60000098:,0002742c,0018f770,",t..p...",
60000098:,000274c8,0018fd6c,.t..l...,
60000098:,00027564,0019035c,du..\...,
60000098:,000275fc,00190944,.u..D...,
60000098:,0002765c,00190d2c,"\v..,...",
60000098:,000276f4,00191328,.v..(...,
60000098:,0002778c,0019191c,.w......,
60000098:,00027820,00191f0c,x......,
60000098:,000278b8,00192504,.x...%..,
60000098:,00027944,00192af4,Dy...*..,
60000098:,000279a8,00192ef0,.y......,
60000098:,00027a40,001934e4,@z...4..,
60000098:,00027ad0,00193ad8,.z...:..,
60000098:,00027b68,001940c8,h{...@..,
60000098:,00027bd4,001944c4,.{...D..,
60000098:,00027c08,001946c0,.|...F..,
60000098:,00027c74,00194ab0,t|...J..,
60000098:,00027ca4,00194cb0,.|...L..,
60000098:,00027cd8,00194eac,.|...N..,
60000098:,00027d0c,00195298,.}...R..,
60000098:,00027d6c,00195494,l}...T..,
60000098:,00027da0,00195698,.}...V..,
60000098:,00027e08,00195a84,.~...Z..,
60000098:,00027e9c,00196080,.~...`..,
60000098:,00027f34,00196680,4....f..,
60000098:,00027fc8,00196c74,....tl..,
60000098:,0002805c,0019726c,\...lr..,
60000098:,000280ec,0019784c,....Lx..,
60000098:,00028150,00197c44,P...D|..,
60000098:,000281e4,00198234,....4...,
60000098:,00028278,00198824,x...$...,
60000098:,00028310,00198e1c,........,
60000098:,000283a8,00199408,........,
60000098:,00028444,001999fc,D.......,
60000098:,000284a4,00199dec,........,
60000098:,00028540,0019a3d0,@.......,
60000098:,000285d8,0019a9c4,........,
60000098:,0002866c,0019afb4,l.......,
60000098:,00028700,0019b5a0,........,
60000098:,00028798,0019bb94,........,
60000098:,00028830,0019c180,0.......,
60000098:,00028898,0019c574,....t...,
60000098:,00028924,0019cb5c,$...\...,
60000098:,000289bc,0019d158,....X...,
60000098:,00028a50,0019d748,P...H...,
60000098:,00028ae8,0019dd34,....4...,
60000098:,00028ae8,0019dd34,....4...,
60000098:,00028b80,0019e32c,"....,...",
60000098:,00028b80,0019e32c,"....,...",
60000098:,00028c14,0019e918,........,
60000098:,00028c14,0019e918,........,
60000098:,00028ca4,0019ef18,........,
60000098:,00028ca4,0019ef18,........,
60000098:,00028d3c,0019f508,<.......,
60000098:,00028dd8,0019faf8,........,
60000098:,00028e70,001a00e8,p.......,
60000098:,00028ed4,001a04dc,........,
60000098:,00028f6c,001a0ae0,l.......,
60000098:,00029000,001a10d8,........,
60000098:,00029098,001a16d8,........,
60000098:,00029130,001a1ccc,0.......,
60000098:,000291d0,001a22bc,".....""..",
60000098:,00029264,001a28ac,d....(..,
60000098:,000292c8,001a2c9c,".....,..",
60000098:,00029360,001a328c,`....2..,
60000098:,000293f0,001a3878,....x8..,
60000098:,00029488,001a3e70,....p>..,
60000098:,00029520,001a4450,...PD..,
60000098:,000295b8,001a4a38,....8J..,
60000098:,00029654,001a5028,T...(P..,
60000098:,000296e8,001a5620,....,V..
60000098:,00029754,001a5a14,T....Z..,
60000098:,000297e8,001a6010,.....`..,
60000098:,00029880,001a6600,.....f..,
60000098:,0002991c,001a6bf8,.....k..,
60000098:,000299b4,001a71ec,.....q..,
60000098:,00029a1c,001a75dc,.....u..,
60000098:,00029a50,001a77d8,P....w..,
60000098:,00029aac,001a7bc8,.....{..,
60000098:,00029adc,001a7dc4,.....}..,
60000098:,00029b08,001a7fbc,........,
60000098:,00029b3c,001a81ac,<.......,
60000098:,00029b9c,001a85a4,........,
60000098:,00029bcc,001a87a4,........,
60000098:,00029c2c,001a8b8c,",.......",
60000098:,00029cc0,001a917c,....|...,
60000098:,00029d58,001a9768,X...h...,
60000098:,00029df0,001a9d54,....T...,
60000098:,00029e90,001aa348,....H...,
60000098:,00029ef8,001aa730,....0...,
60000098:,00029f94,001aad20,....,...
60000098:,0002a024,001ab30c,$.......,
60000098:,0002a0bc,001ab8f0,........,
60000098:,0002a154,001abee4,T.......,
60000098:,0002a1f0,001ac4dc,........,
60000098:,0002a258,001ac8d0,X.......,
60000098:,0002a2f4,001aceb4,........,
60000098:,0002a384,001ad4a0,........,
60000098:,0002a418,001ada88,........,
60000098:,0002a4ac,001ae07c,....|...,
60000098:,0002a548,001ae678,H...x...,
60000098:,0002a5dc,001aec5c,....\...,
60000098:,0002a674,001af250,t...P...,
60000098:,0002a6d4,001af644,....D...,
60000098:,0002a76c,001afc30,l...0...,
60000098:,0002a800,001b021c,........,
60000098:,0002a89c,001b0808,........,
60000098:,0002a904,001b0bf8,........,
60000098:,0002a938,001b0df0,8.......,
60000098:,0002a998,001b11e8,........,
60000098:,0002a9cc,001b13e4,........,
60000098:,0002aa2c,001b17d8,",.......",
60000098:,0002aa2c,001b17d8,",.......",
60000098:,0002aac4,001b1dc4,........,
60000098:,0002aac4,001b1dc4,........,
60000098:,0002ab58,001b23b8,X....,
60000098:,0002abf0,001b29b4,.....)..,
60000098:,0002ac54,001b2dac,T....-..,
60000098:,0002acf0,001b3394,.....3..,
60000098:,0002ad88,001b397c,....|9..,
60000098:,0002ae1c,001b3f68,....h?..,
60000098:,0002aeb4,001b4554,....TE..,
60000098:,0002af4c,001b4b44,L...DK..,
60000098:,0002afe0,001b5130,....0Q..,
60000098:,0002b070,001b571c,p....W..,
60000098:,0002b0d0,001b5b18,.....[..,
60000098:,0002b168,001b6108,h....a..,
60000098:,0002b1f8,001b66f8,.....f..,
60000098:,0002b290,001b6ce8,.....l..,
60000098:,0002b32c,001b72d8,",....r..",
60000098:,0002b3c4,001b78cc,.....x..,
60000098:,0002b428,001b7cc8,(....|..,
60000098:,0002b4b4,001b82b4,........,
60000098:,0002b54c,001b88ac,L.......,
60000098:,0002b5e8,001b8e98,........,
60000098:,0002b680,001b948c,........,
60000098:,0002b710,001b9a74,....t...,
60000098:,0002b7a8,001ba06c,....l...,
60000098:,0002b7dc,001ba268,....h...,
60000098:,0002b848,001ba65c,H...\...,
60000098:,0002b878,001ba854,x...T...,
60000098:,0002b8e0,001bac3c,....<...,
60000098:,0002b914,001bae34,....4...,
60000098:,0002b944,001bb02c,"D...,...",
60000098:,0002b9a4,001bb420,....,...
60000098:,0002b9d4,001bb618,........,
60000098:,0002ba3c,001bba10,<.......,
60000098:,0002baa8,001bbe04,........,
60000098:,0002bb44,001bc404,D.......,
60000098:,0002bbd4,001bc9ec,........,
60000098:,0002bc74,001bcfe8,t.......,
60000098:,0002bd04,001bd5d8,........,
60000098:,0002bd98,001bdbc4,........,
60000098:,0002be28,001be1b0,(.......,
60000098:,0002beb8,001be7ac,........,
60000098:,0002bf1c,001beb9c,........,
60000098:,0002bfb0,001bf18c,........,
60000098:,0002c040,001bf774,@...t...,
60000098:,0002c0d4,001bfd68,....h...,
60000098:,0002c170,001c0358,p...X...,
60000098:,0002c204,001c094c,....L...,
60000098:,0002c268,001c0d44,h...D...,
60000098:,0002c2fc,001c1338,....8...,
60000098:,0002c390,001c1920,....,...
60000098:,0002c428,001c1f10,(.......,
60000098:,0002c4c4,001c2500,.....%..,
60000098:,0002c558,001c2af8,X....*..,
60000098:,0002c5f4,001c30e8,.....0..,
60000098:,0002c65c,001c34ec,\....4..,
60000098:,0002c6c0,001c38e0,.....8..,
60000098:,0002c6f4,001c3ad4,.....:..,
60000098:,0002c754,001c3ecc,T....>..,
60000098:,0002c784,001c40c8,.....@..,
60000098:,0002c7e4,001c44bc,.....D..,
60000098:,0002c814,001c46b4,.....F..,
60000098:,0002c848,001c48b0,H....H..,
60000098:,0002c8b0,001c4ca4,.....L..,
60000098:,0002c8e0,001c4ea0,.....N..,
60000098:,0002c97c,001c548c,|....T..,
60000098:,0002ca14,001c5a70,....pZ..,
60000098:,0002caa4,001c6068,....h`..,
60000098:,0002cb04,001c6458,....Xd..,
60000098:,0002cb9c,001c6a44,....Dj..,
60000098:,0002cc2c,001c7034,",...4p..",
60000098:,0002ccc4,001c762c,"....,v..",
60000098:,0002cd5c,001c7c14,\....|..,
60000098:,0002cdf4,001c8200,........,
60000098:,0002ce5c,001c85f8,\.......,
60000098:,0002cee8,001c8bdc,........,
60000098:,0002cf7c,001c91cc,|.......,
60000098:,0002d018,001c97cc,........,
60000098:,0002d0ac,001c9db4,........,
60000098:,0002d140,001ca3a0,@.......,
60000098:,0002d1a0,001ca79c,........,
60000098:,0002d234,001cad94,4.......,
60000098:,0002d2c8,001cb384,........,
60000098:,0002d35c,001cb974,\...t...,
60000098:,0002d3f4,001cbf64,....d...,
60000098:,0002d484,001cc558,....X...,
60000098:,0002d4ec,001cc950,....P...,
60000098:,0002d588,001ccf48,....H...,
60000098:,0002d5b8,001cd144,....D...,
60000098:,0002d61c,001cd540,....@...,
60000098:,0002d61c,001cd540,....@...,
60000098:,0002d6b8,001cdb34,....4...,
60000098:,0002d6b8,001cdb34,....4...,
60000098:,0002d754,001ce124,T...$...,
60000098:,0002d754,001ce124,T...$...,
60000098:,0002d7ec,001ce714,........,
60000098:,0002d880,001cecf4,........,
60000098:,0002d918,001cf2e8,........,
60000098:,0002d97c,001cf6e4,|.......,
60000098:,0002da08,001cfcd4,........,
60000098:,0002daa8,001d02bc,........,
60000098:,0002db40,001d08a4,@.......,
60000098:,0002dbdc,001d0e90,........,
60000098:,0002dc70,001d1484,p.......,
60000098:,0002dcd8,001d187c,....|...,
60000098:,0002dd70,001d1e6c,p...l...,
60000098:,0002de0c,001d2460,....`$..,
60000098:,0002de9c,001d2a50,....P*..,
60000098:,0002df3c,001d3034,<...40..,
60000098:,0002dfa4,001d3428,....(4..,
60000098:,0002e038,001d3a14,8....:..,
60000098:,0002e0d0,001d4000,.....@..,
60000098:,0002e164,001d45f4,d....E..,
60000098:,0002e1fc,001d4bd8,.....K..,
60000098:,0002e294,001d51cc,.....Q..,
60000098:,0002e2fc,001d55c4,.....U..,
60000098:,0002e390,001d5ba8,.....[..,
60000098:,0002e42c,001d618c,",....a..",
60000098:,0002e4c8,001d6774,....tg..,
60000098:,0002e4c8,001d6774,....tg..,
60000098:,0002e560,001d6d58,`...Xm..,
60000098:,0002e560,001d6d58,`...Xm..,
60000098:,0002e5f4,001d7348,....Hs..,
60000098:,0002e5f4,001d7348,....Hs..,
60000098:,0002e688,001d7934,....4y..,
60000098:,0002e688,001d7934,....4y..,
60000098:,0002e6ec,001d7d28,....(}..,
60000098:,0002e780,001d8314,........,
60000098:,0002e814,001d88f4,........,
60000098:,0002e8ac,001d8eec,........,
60000098:,0002e940,001d94dc,@.......,
60000098:,0002e9d8,001d9ad0,........,
60000098:,0002ea3c,001d9eb8,<.......,
60000098:,0002eacc,001da4ac,........,
60000098:,0002eb64,001daaa4,d.......,
60000098:,0002ec00,001db094,........,
60000098:,0002ec98,001db68c,........,
60000098:,0002ed34,001dbc78,4...x...,
60000098:,0002ed94,001dc078,....x...,
60000098:,0002ef00,001dce58,....X...,
60000098:,0002ef9c,001dd454,....T...,
60000098:,0002f008,001dd858,....X...,
60000098:,0002f098,001dde40,....@...,
60000098:,0002f12c,001de434,",...4...",
60000098:,0002f1bc,001dea1c,........,
60000098:,0002f258,001df01c,X.......,
60000098:,0002f2ec,001df60c,........,
60000098:,0002f354,001df9f4,T.......,
60000098:,0002f3e0,001dffe8,........,
60000098:,0002f3e0,001dffe8,........,
60000098:,0002f478,001e05e4,x.......,
60000098:,0002f478,001e05e4,x.......,
60000098:,0002f510,001e0bd4,........,
60000098:,0002f510,001e0bd4,........,
60000098:,0002f5a4,001e11cc,........,
60000098:,0002f5a4,001e11cc,........,
60000098:,0002f60c,001e15c4,........,
60000098:,0002f63c,001e17bc,<.......,
60000098:,0002f6a0,001e1bb0,........,
60000098:,0002f738,001e219c,8....!..,
60000098:,0002f7c8,001e2794,.....'..,
60000098:,0002f860,001e2d90,`....-..,
60000098:,0002f8f8,001e3380,.....3..,
60000098:,0002f994,001e3974,....t9..,
60000098:,0002f9fc,001e3d64,....d=..,
60000098:,0002fa98,001e4354,....TC..,
60000098:,0002fb34,001e4950,4...PI..,
60000098:,0002fbd0,001e4f4c,....LO..,
60000098:,0002fc68,001e5530,h...0U..,
60000098:,0002fccc,001e592c,"....,Y..",
60000098:,0002fd64,001e5f1c,d...._..,
60000098:,0002fdfc,001e6504,.....e..,
60000098:,0002fe90,001e6af4,.....j..,
60000098:,0002ff2c,001e70e4,",....p..",
60000098:,0002ff90,001e74e0,.....t..,
60000098:,00030028,001e7ae0,(....z..,
60000098:,000300bc,001e80c4,........,
60000098:,00030154,001e86b8,T.......,
60000098:,000301ec,001e8ca4,........,
60000098:,00030288,001e928c,........,
60000098:,000302f0,001e968c,........,
60000098:,000302f0,001e968c,........,
60000098:,00030384,001e9c80,........,
60000098:,00030384,001e9c80,........,
60000098:,000303e8,001ea074,....t...,
60000098:,00030418,001ea26c,....l...,
60000098:,0003047c,001ea660,|...`...,
60000098:,000304b0,001ea860,....`...,
60000098:,00030510,001eac44,....D...,
60000098:,000305a8,001eb22c,"....,...",
60000098:,0003063c,001eb814,<.......,
60000098:,000306d4,001ebe04,........,
60000098:,00030738,001ec1fc,8.......,
60000098:,000307d0,001ec7f8,........,
60000098:,00030870,001ecde0,p.......,
60000098:,00030904,001ed3dc,........,
60000098:,00030998,001ed9d0,........,
60000098:,00030a00,001eddc4,........,
60000098:,00030a98,001ee3b0,........,
60000098:,00030b28,001ee99c,(.......,
60000098:,00030bc0,001eef8c,........,
60000098:,00030c58,001ef574,X...t...,
60000098:,00030ce8,001efb5c,....\...,
60000098:,00030d4c,001eff58,L...X...,
60000098:,00030de0,001f0548,....H...,
60000098:,00030e78,001f0b3c,x...<...,
60000098:,00030f08,001f112c,"....,...",
60000098:,00030f9c,001f172c,"....,...",
60000098:,00031038,001f1d18,8.......,
60000098:,0003109c,001f2108,.....!..,
60000098:,00031134,001f26ec,4....&..,
60000098:,000311cc,001f2ce0,".....,..",
60000098:,000311cc,001f2ce0,".....,..",
60000098:,00031268,001f32d8,h....2..,
60000098:,00031268,001f32d8,h....2..,
60000098:,00031304,001f38c4,.....8..,
60000098:,00031304,001f38c4,.....8..,
60000098:,0003139c,001f3ea8,.....>..,
60000098:,0003139c,001f3ea8,.....>..,
60000098:,00031434,001f4490,4....D..,
60000098:,00031498,001f4888,.....H..,
60000098:,00031530,001f4e74,0...tN..,
60000098:,000315cc,001f546c,....lT..,
60000098:,00031664,001f5a5c,d...\Z..,
60000098:,000316fc,001f604c,....L`..,
60000098:,00031790,001f6644,....Df..,
60000098:,000317f4,001f6a3c,....<j..,
60000098:,0003188c,001f7030,....0p..,
60000098:,00031928,001f7620,(...,v..
60000098:,000319c4,001f7c18,.....|..,
60000098:,00031a60,001f8210,`.......,
60000098:,00031af0,001f87fc,........,
60000098:,00031b58,001f8be0,X.......,
60000098:,00031bec,001f91d4,........,
60000098:,00031c88,001f97cc,........,
60000098:,00031d1c,001f9dc8,........,
60000098:,00031db4,001fa3c0,........,
60000098:,00031e4c,001fa9b8,L.......,
60000098:,00031eb4,001fadb8,........,
60000098:,00031f4c,001fb3ac,L.......,
60000098:,00031fdc,001fb99c,........,
60000098:,00032078,001fbf94,x,......
60000098:,00032110,001fc584,.!......,
60000098:,00032110,001fc584,.!......,
60000098:,000321a8,001fcb70,.!..p...,
60000098:,000321a8,001fcb70,.!..p...,
60000098:,00032210,001fcf64,".""..d...",
60000098:,00032248,001fd160,"H""..`...",
60000098:,000322ac,001fd55c,".""..\...",
60000098:,000322e0,001fd758,".""..X...",
60000098:,00032344,001fdb54,D,
60000098:,000323e0,001fe150,.,
60000098:,00032474,001fe740,t$..@...,
60000098:,00032504,001fed2c,".%..,...",
60000098:,00032598,001ff324,.%..$...,
60000098:,00032630,001ff90c,0&......,
60000098:,00032698,001ffd00,.&......,
60000098:,0003272c,002002f8,",'....",.
60000098:,000327c8,002008e4,.'....,.
60000098:,00032858,00200ed0,X(....,.
60000098:,000328e8,002014c0,.(....,.
60000098:,00032950,002018bc,P)....,.
60000098:,000329f0,00201eb8,.)....,.
60000098:,00032a80,002024a8,.*...$,.
60000098:,00032b14,00202aa8,.+...*,.
60000098:,00032bb0,00203090,.+...0,.
60000098:,00032c40,0020368c,"@,...6",.
60000098:,00032ca0,00203a80,".,...:",.
60000098:,00032d38,00204074,8-..t@,.
60000098:,00032dd0,00204658,.-..XF,.
60000098:,00032e68,00204c44,h...DL,.
60000098:,00032f00,0020523c,./..<R,.
60000098:,00032f60,00205628,`/..(V,.
60000098:,00033000,00205c18,.0...\,.
60000098:,00033000,00205c18,.0...\,.
60000098:,00033098,0020620c,.0...b,.
60000098:,00033098,0020620c,.0...b,.
60000098:,00033130,002067f8,01...g,.
60000098:,00033130,002067f8,01...g,.
60000098:,000331c4,00206df4,.1...m,.
60000098:,000331c4,00206df4,.1...m,.
60000098:,00033258,002073d8,X2...s,.
60000098:,000332ec,002079c8,.2...y,.
60000098:,00033384,00207fb8,.3....,.
60000098:,000333e8,002083b0,.3....,.
60000098:,00033480,00208998,.4....,.
60000098:,00033514,00208f80,.5....,.
60000098:,000335ac,00209570,.5..p.,.
60000098:,00033640,00209b58,@6..X.,.
60000098:,000336a8,00209f4c,.6..L.,.
60000098:,0003373c,0020a534,<7..4.,.
60000098:,000337d8,0020ab2c,".7..,.",.
60000098:,00033a04,0020c11c,.:....,.
60000098:,00033aa0,0020c70c,.:....,.
60000098:,00033b44,0020cd08,D;....,.
60000098:,00033bdc,0020d2fc,.;....,.
60000098:,00033c78,0020d8f4,x<....,.
60000098:,00033d0c,0020dee4,.=....,.
60000098:,00033d70,0020e2dc,p=....,.
60000098:,00033e08,0020e8cc,.>....,.
60000098:,00033ea4,0020eec4,.>....,.
60000098:,00033f08,0020f2b8,.?....,.
60000098:,00033f38,0020f4b0,8?....,.
60000098:,00033f9c,0020f8a4,.?....,.
60000098:,00033fcc,0020fa9c,.?....,.
60000098:,00034000,0020fc9c,.@....,.
60000098:,00034030,0020fe98,0@....,.
60000098:,00034090,00210288,.@....!.,
60000098:,000340c0,0021047c,.@..|.!.,
60000098:,00034120,00210874,A..t.!.,
60000098:,000341b8,00210e50,.A..P.!.,
60000098:,00034250,00211440,PB..@.!.,
60000098:,000342e8,00211a28,.B..(.!.,
60000098:,00034348,00211e1c,HC....!.,
60000098:,000343e0,00212410,.C...$!.,
60000098:,0003447c,00212a08,|D...*!.,
60000098:,00034510,00212fe8,.E.../!.,
60000098:,000345a4,002135e0,.E...5!.,
60000098:,0003460c,002139d0,.F...9!.,
60000098:,000346a8,00213fc4,.F...?!.,
60000098:,00034740,002145bc,@G...E!.,
60000098:,000347d4,00214bac,.G...K!.,
60000098:,0003486c,002151a0,lH...Q!.,
60000098:,000348cc,0021559c,.H...U!.,
60000098:,00034958,00215b98,XI...[!.,
60000098:,000349f0,00216180,.I...a!.,
60000098:,00034a80,00216770,.J..pg!.,
60000098:,00034b18,00216d5c,.K..\m!.,
60000098:,00034b80,00217158,.K..Xq!.,
60000098:,00034c14,00217748,.L..Hw!.,
60000098:,00034ca4,00217d38,.L..8}!.,
60000098:,00034d34,0021831c,4M....!.,
60000098:,00034dd0,0021890c,.M....!.,
60000098:,00034dd0,0021890c,.M....!.,
60000098:,00034e6c,00218ee8,lN....!.,
60000098:,00034e6c,00218ee8,lN....!.,
60000098:,00034f00,002194d4,.O....!.,
60000098:,00034f00,002194d4,.O....!.,
60000098:,00034f98,00219ac0,.O....!.,
60000098:,00034f98,00219ac0,.O....!.,
60000098:,0003502c,0021a0b0,",P....!.",
60000098:,00035094,0021a49c,.P....!.,
60000098:,0003512c,0021aa94,",Q....!.",
60000098:,000351c8,0021b090,.Q....!.,
60000098:,0003525c,0021b680,\R....!.,
60000098:,000352f0,0021bc68,.R..h.!.,
60000098:,00035384,0021c264,.S..d.!.,
60000098:,000353ec,0021c664,.S..d.!.,
60000098:,00035484,0021cc64,.T..d.!.,
60000098:,0003551c,0021d254,.U..T.!.,
60000098:,000355b0,0021d84c,.U..L.!.,
60000098:,0003564c,0021de38,LV..8.!.,
60000098:,000356b8,0021e224,.V..$.!.,
60000098:,0003574c,0021e814,LW....!.,
60000098:,000357ec,0021edfc,.W....!.,
60000098:,00035888,0021f3e8,.X....!.,
60000098:,00035920,0021f9d4,Y....!.,
60000098:,00035984,0021fdc4,.Y....!.,
60000098:,00035a24,002203bc,"$Z...."".",
60000098:,00035abc,002209a8,".Z...."".",
60000098:,00035b58,00220f9c,"X[...."".",
60000098:,00035bf0,00221594,".[...."".",
60000098:,00035c88,00221b84,".\...."".",
60000098:,00035cf0,00221f84,".\...."".",
60000098:,00035d20,00222174,"]..t!"".",
60000098:,00035d84,00222564,".]..d%"".",
60000098:,00035db8,00222760,".]..`'"".",
60000098:,00035e1c,00222b5c,".^..\+"".",
60000098:,00035e1c,00222b5c,".^..\+"".",
60000098:,00035eb4,0022314c,".^..L1"".",
60000098:,00035eb4,0022314c,".^..L1"".",
60000098:,00035f44,0022373c,"D_..<7"".",
60000098:,00035fdc,00223d28,"._..(="".",
60000098:,00036070,00224320,p`..,"C""."
60000098:,000360d4,00224720,.`..,"G""."
60000098:,00036170,00224d14,"pa...M"".",
60000098:,00036204,00225310,".b...S"".",
60000098:,000362a0,0022590c,".b...Y"".",
60000098:,00036338,00225ef8,"8c...^"".",
60000098:,000363a0,002262f4,".c...b"".",
60000098:,0003643c,002268ec,"<d...h"".",
60000098:,000364d4,00226ef0,".d...n"".",
60000098:,00036570,002274e4,"pe...t"".",
60000098:,00036608,00227ad4,".f...z"".",
60000098:,000366a0,002280c0,".f...."".",
60000098:,00036700,002284b0,".g...."".",
60000098:,00036790,00228aa0,".g...."".",
60000098:,00036824,0022908c,"$h...."".",
60000098:,000368b4,00229684,".h...."".",
60000098:,00036944,00229c80,"Di...."".",
60000098:,000369a8,0022a078,".i..x."".",
60000098:,00036a40,0022a66c,"@j..l."".",
60000098:,00036ae0,0022ac60,".j..`."".",
60000098:,00036b70,0022b24c,"pk..L."".",
60000098:,00036c04,0022b830,".l..0."".",
60000098:,00036c04,0022b830,".l..0."".",
60000098:,00036c9c,0022be10,".l...."".",
60000098:,00036c9c,0022be10,".l...."".",
60000098:,00036d38,0022c408,"8m...."".",
60000098:,00036d38,0022c408,"8m...."".",
60000098:,00036dc8,0022c9f8,".m...."".",
60000098:,00036dc8,0022c9f8,".m...."".",
60000098:,00036e64,0022cff0,"dn...."".",
60000098:,00036ec8,0022d3e4,".n...."".",
60000098:,00036f64,0022d9d8,"do...."".",
60000098:,00036ffc,0022dfc8,".o...."".",
60000098:,00037090,0022e5ac,".p...."".",
60000098:,00037120,0022eb94,"q...."".",
60000098:,00037180,0022ef84,".q...."".",
60000098:,00037218,0022f57c,".r..|."".",
60000098:,000372a8,0022fb68,".r..h."".",
60000098:,00037340,00230154,@s..T.,
60000098:,000373d4,0023073c,.s..<.,
60000098:,00037468,00230d34,ht..4.,
60000098:,000374cc,00231128,.t..(.,
60000098:,00037564,0023171c,du....,
60000098:,000375f8,00231d0c,.u....,
60000098:,0003768c,002322f8,".v...""",
60000098:,00037724,002328e4,$w...(,
60000098:,000377bc,00232ed0,.w....,
60000098:,00037824,002332bc,$x...2,
60000098:,000378bc,002338b0,.x...8,
60000098:,0003794c,00233e9c,Ly...>,
60000098:,000379e4,002344a0,.y...D,
60000098:,00037a80,00234a98,.z...J,
60000098:,00037ae0,00234e88,.z...N,
60000098:,00037b14,00235084,.{...P,
60000098:,00037b80,0023547c,.{..|T,
60000098:,00037bac,00235674,.{..tV,
60000098:,00037c10,00235a64,.|..dZ,
60000098:,00037c44,00235c60,D|..`\,
60000098:,00037ca8,00236060,.|..``,
60000098:,00037cdc,00236260,.|..`b,
60000098:,00037d44,0023665c,D}..\f,
60000098:,00037dd0,00236c54,.}..Tl,
60000098:,00037e68,00237244,h~..Dr,
60000098:,00037f00,00237834,....4x,
60000098:,00037fa0,00237e20,....,~
60000098:,00038038,00238404,8.....,
60000098:,000380d4,002389f4,......,
60000098:,00038138,00238dec,8.....,
60000098:,000381d4,002393e4,......,
60000098:,0003826c,002399cc,l.....,
60000098:,00038308,00239fc0,......,
60000098:,000383a0,0023a5b4,......,
60000098:,0003843c,0023ab9c,<.....,
60000098:,000384a0,0023af8c,......,
60000098:,0003853c,0023b574,<...t.,
60000098:,000385d0,0023bb5c,....\.,
60000098:,00038664,0023c154,d...T.,
60000098:,000386f0,0023c74c,....L.,
60000098:,00038784,0023cd38,....8.,
60000098:,000387ec,0023d130,....0.,
60000098:,00038880,0023d720,....,.
60000098:,00038914,0023dd18,......,
60000098:,000389a4,0023e2f8,......,
60000098:,00038a0c,0023e6f0,......,
60000098:,00038a3c,0023e8f0,<.....,
60000098:,00038a9c,0023ece4,......,
60000098:,00038acc,0023eee0,......,
60000098:,00038b30,0023f2d8,0.....,
60000098:,00038b60,0023f4d4,`.....,
60000098:,00038bc0,0023f8cc,......,
60000098:,00038bc0,0023f8cc,......,
60000098:,00038c54,0023feb0,T.....,
60000098:,00038cc0,002402ac,......$.,
60000098:,00038d5c,00240898,\.....$.,
60000098:,00038df0,00240e80,......$.,
60000098:,00038e88,00241470,....p.$.,
60000098:,00038f1c,00241a64,....d.$.,
60000098:,00038fb0,00242060,....`,$.
60000098:,00039044,0024264c,D...L&$.,
60000098:,000390e0,00242c40,"....@,$.",
60000098:,00039140,00243034,@...40$.,
60000098:,000391d8,00243624,....$6$.,
60000098:,0003926c,00243c18,l....<$.,
60000098:,00039308,00244214,.....B$.,
60000098:,0003939c,002447fc,.....G$.,
60000098:,00039434,00244df0,4....M$.,
60000098:,00039498,002451d4,.....Q$.,
60000098:,00039530,002457c8,0....W$.,
60000098:,000395c4,00245dbc,.....]$.,
60000098:,00039658,002463a0,X....c$.,
60000098:,000396f4,00246984,.....i$.,
60000098:,00039790,00246f6c,....lo$.,
60000098:,0003982c,00247560,",...`u$.",
60000098:,00039890,00247950,....Py$.,
60000098:,000398f0,00247d48,....H}$.,
60000098:,00039924,00247f44,$...D.$.,
60000098:,00039984,00248338,....8.$.,
60000098:,000399b8,00248538,....8.$.,
60000098:,00039a20,0024892c,"...,.$.",
60000098:,00039a54,00248b28,T...(.$.,
60000098:,00039abc,00248f18,......$.,
60000098:,00039ae8,0024910c,......$.,
60000098:,00039b48,002494fc,H.....$.,
60000098:,00039be4,00249ae8,......$.,
60000098:,00039c44,00249ee0,D.....$.,
60000098:,00039cdc,0024a4d4,......$.,
60000098:,00039d70,0024aacc,p.....$.,
60000098:,00039e08,0024b0c8,......$.,
60000098:,00039ea4,0024b6b4,......$.,
60000098:,00039f40,0024bca4,@.....$.,
60000098:,00039fa8,0024c090,......$.,
60000098:,0003a03c,0024c67c,<...|.$.,
60000098:,0003a0dc,0024cc6c,....l.$.,
60000098:,0003a174,0024d25c,t...\.$.,
60000098:,0003a210,0024d85c,....\.$.,
60000098:,0003a278,0024dc58,x...X.$.,
60000098:,0003a314,0024e23c,....<.$.,
60000098:,0003a3b0,0024e83c,....<.$.,
60000098:,0003a440,0024ee30,@...0.$.,
60000098:,0003a4d8,0024f420,....,.$.
60000098:,0003a568,0024fa14,h.....$.,
60000098:,0003a600,00250008,......%.,
60000098:,0003a668,00250408,h.....%.,
60000098:,0003a700,002509f4,......%.,
60000098:,0003a794,00250fdc,......%.,
60000098:,0003a82c,002515c8,",.....%.",
60000098:,0003a82c,002515c8,",.....%.",
